POST	/auth/login	apps/api/src/routes/auth.ts:124	perm=-	portal=false
POST	/auth/logout	apps/api/src/routes/auth.ts:191	perm=-	portal=false
GET	/auth/me	apps/api/src/routes/auth.ts:214	perm=-	portal=false
POST	/auth/register	apps/api/src/routes/auth.ts:45	perm=-	portal=false
POST	/auth/switch-org	apps/api/src/routes/auth.ts:235	perm=-	portal=false
POST	/bank-accounts	apps/api/src/routes/payments.ts:167	perm=finance:write	portal=false
POST	/channels/:channel/import-leads	apps/api/src/routes/channels.ts:356	perm=listing:write	portal=false
POST	/channels/:channel/reconcile	apps/api/src/routes/channels.ts:312	perm=listing:write	portal=false
GET	/channels/summary	apps/api/src/routes/channels.ts:412	perm=listing:read	portal=false
GET	/charges	apps/api/src/routes/charges.ts:126	perm=finance:read	portal=false
POST	/charges	apps/api/src/routes/charges.ts:58	perm=finance:write	portal=false
GET	/charges/:id	apps/api/src/routes/charges.ts:147	perm=finance:read	portal=false
POST	/charges/:id/cancel	apps/api/src/routes/charges.ts:273	perm=finance:write	portal=false
POST	/charges/:id/payment	apps/api/src/routes/charges.ts:161	perm=finance:write	portal=false
POST	/charges/:id/refund	apps/api/src/routes/charges.ts:310	perm=finance:write	portal=false
GET	/contract-templates	apps/api/src/routes/contract-templates.ts:61	perm=contract:read	portal=false
POST	/contract-templates	apps/api/src/routes/contract-templates.ts:38	perm=contract:write	portal=false
PATCH	/contract-templates/:id/approve	apps/api/src/routes/contract-templates.ts:86	perm=contract:write	portal=false
POST	/contract-templates/:id/versions	apps/api/src/routes/contract-templates.ts:126	perm=contract:write	portal=false
GET	/contracts	apps/api/src/routes/contracts.ts:232	perm=contract:read	portal=false
POST	/contracts	apps/api/src/routes/contracts.ts:151	perm=contract:write	portal=false
GET	/contracts/:id	apps/api/src/routes/contracts.ts:252	perm=contract:read	portal=false
POST	/contracts/:id/generate	apps/api/src/routes/contracts.ts:262	perm=contract:write	portal=false
POST	/contracts/:id/send-for-signature	apps/api/src/routes/contracts.ts:318	perm=contract:write	portal=false
PATCH	/contracts/:id/status	apps/api/src/routes/contracts.ts:418	perm=contract:write	portal=false
GET	/conversations	apps/api/src/routes/conversations.ts:57	perm=conversation:read	portal=false
GET	/conversations/:id	apps/api/src/routes/conversations.ts:81	perm=conversation:read	portal=false
POST	/conversations/:id/handoff	apps/api/src/routes/conversations.ts:189	perm=conversation:write	portal=false
GET	/conversations/:id/intents	apps/api/src/routes/conversations.ts:128	perm=conversation:read	portal=false
GET	/conversations/:id/messages	apps/api/src/routes/conversations.ts:99	perm=conversation:read	portal=false
POST	/conversations/:id/messages	apps/api/src/routes/conversations.ts:172	perm=conversation:write	portal=false
GET	/health	apps/api/src/routes/health.ts:9	perm=-	portal=false
GET	/health/ready	apps/api/src/routes/health.ts:23	perm=-	portal=false
GET	/inspections	apps/api/src/routes/inspections.ts:178	perm=inspection:read	portal=false
POST	/inspections	apps/api/src/routes/inspections.ts:148	perm=inspection:write	portal=false
GET	/inspections/:id	apps/api/src/routes/inspections.ts:204	perm=inspection:read	portal=false
PATCH	/inspections/:id/ai-suggestions/:suggestionId	apps/api/src/routes/inspections.ts:476	perm=inspection:write	portal=false
POST	/inspections/:id/compare	apps/api/src/routes/inspections.ts:656	perm=inspection:write	portal=false
DELETE	/inspections/:id/media/:mediaId	apps/api/src/routes/inspections.ts:358	perm=inspection:write	portal=false
POST	/inspections/:id/media/confirm	apps/api/src/routes/inspections.ts:307	perm=inspection:write	portal=false
POST	/inspections/:id/media/upload-url	apps/api/src/routes/inspections.ts:280	perm=inspection:write	portal=false
POST	/inspections/:id/observations	apps/api/src/routes/inspections.ts:434	perm=inspection:write	portal=false
POST	/inspections/:id/process	apps/api/src/routes/inspections.ts:390	perm=inspection:write	portal=false
GET	/inspections/:id/report	apps/api/src/routes/inspections.ts:752	perm=inspection:read	portal=false
GET	/inspections/:id/review	apps/api/src/routes/inspections.ts:566	perm=inspection:read	portal=false
POST	/inspections/:id/rooms	apps/api/src/routes/inspections.ts:256	perm=inspection:write	portal=false
PATCH	/inspections/:id/status	apps/api/src/routes/inspections.ts:606	perm=inspection:write	portal=false
GET	/leads	apps/api/src/routes/leads.ts:106	perm=lead:read	portal=false
POST	/leads	apps/api/src/routes/leads.ts:46	perm=lead:write	portal=false
GET	/leads/:id/conversations	apps/api/src/routes/conversations.ts:216	perm=conversation:read	portal=false
PATCH	/leads/:id/status	apps/api/src/routes/leads.ts:129	perm=lead:write	portal=false
GET	/leases	apps/api/src/routes/leases.ts:177	perm=finance:read	portal=false
POST	/leases	apps/api/src/routes/leases.ts:100	perm=finance:write	portal=false
GET	/leases/:id	apps/api/src/routes/leases.ts:197	perm=finance:read	portal=false
GET	/ledger/accounts	apps/api/src/routes/payments.ts:106	perm=finance:read	portal=false
GET	/ledger/entries	apps/api/src/routes/payments.ts:129	perm=finance:read	portal=false
GET	/listings	apps/api/src/routes/listings.ts:224	perm=listing:read	portal=false
POST	/listings	apps/api/src/routes/listings.ts:177	perm=listing:write	portal=false
GET	/listings/:id	apps/api/src/routes/listings.ts:257	perm=listing:read	portal=false
PATCH	/listings/:id	apps/api/src/routes/listings.ts:267	perm=listing:write	portal=false
GET	/listings/:id/channels	apps/api/src/routes/channels.ts:387	perm=listing:read	portal=false
POST	/listings/:id/channels/:channel/publish	apps/api/src/routes/channels.ts:127	perm=listing:write	portal=false
POST	/listings/:id/channels/:channel/remove	apps/api/src/routes/channels.ts:254	perm=listing:write	portal=false
POST	/listings/:id/channels/:channel/update	apps/api/src/routes/channels.ts:200	perm=listing:write	portal=false
PATCH	/listings/:id/status	apps/api/src/routes/listings.ts:351	perm=listing:write	portal=false
GET	/me/memberships	apps/api/src/routes/me.ts:11	perm=-	portal=false
GET	/meta/ad-profiles	apps/api/src/routes/meta.ts:212	perm=meta:read	portal=false
POST	/meta/ad-profiles	apps/api/src/routes/meta.ts:231	perm=meta:write	portal=false
POST	/meta/ad-profiles/:id/create-campaign	apps/api/src/routes/meta.ts:464	perm=meta:write	portal=false
GET	/meta/campaigns	apps/api/src/routes/meta.ts:350	perm=meta:read	portal=false
GET	/meta/campaigns/:id	apps/api/src/routes/meta.ts:373	perm=meta:read	portal=false
POST	/meta/campaigns/:id/archive	apps/api/src/routes/meta.ts:741	perm=meta:write	portal=false
POST	/meta/campaigns/:id/budget	apps/api/src/routes/meta.ts:765	perm=meta:write	portal=false
POST	/meta/campaigns/:id/creative	apps/api/src/routes/meta.ts:826	perm=meta:write	portal=false
POST	/meta/campaigns/:id/pause	apps/api/src/routes/meta.ts:693	perm=meta:write	portal=false
GET	/meta/campaigns/:id/preview	apps/api/src/routes/meta.ts:430	perm=meta:read	portal=false
POST	/meta/campaigns/:id/publish	apps/api/src/routes/meta.ts:669	perm=meta:write	portal=false
POST	/meta/campaigns/:id/resume	apps/api/src/routes/meta.ts:717	perm=meta:write	portal=false
POST	/meta/campaigns/:id/schedule	apps/api/src/routes/meta.ts:802	perm=meta:write	portal=false
POST	/meta/campaigns/:id/sync-insights	apps/api/src/routes/meta.ts:876	perm=meta:write	portal=false
GET	/meta/connections	apps/api/src/routes/meta.ts:99	perm=meta:read	portal=false
POST	/meta/connections	apps/api/src/routes/meta.ts:109	perm=meta:write	portal=false
GET	/meta/connections/:id/assets	apps/api/src/routes/meta.ts:174	perm=meta:read	portal=false
GET	/organizations/:orgId/members	apps/api/src/routes/organizations.ts:52	perm=-	portal=false
POST	/organizations/:orgId/members	apps/api/src/routes/organizations.ts:77	perm=-	portal=false
DELETE	/organizations/:orgId/members/:userId	apps/api/src/routes/organizations.ts:163	perm=-	portal=false
PATCH	/organizations/:orgId/members/:userId	apps/api/src/routes/organizations.ts:118	perm=-	portal=false
GET	/parties	apps/api/src/routes/parties.ts:201	perm=party:read	portal=false
POST	/parties	apps/api/src/routes/parties.ts:101	perm=party:write	portal=false
GET	/parties/:partyId/consents	apps/api/src/routes/rental-applications.ts:384	perm=party:read	portal=false
POST	/parties/:partyId/consents	apps/api/src/routes/rental-applications.ts:337	perm=party:write	portal=false
POST	/parties/dedupe	apps/api/src/routes/parties.ts:223	perm=party:write	portal=false
GET	/payments	apps/api/src/routes/payments.ts:41	perm=finance:read	portal=false
GET	/payouts	apps/api/src/routes/payments.ts:74	perm=finance:read	portal=false
POST	/places/autocomplete	apps/api/src/routes/places.ts:12	perm=property:write	portal=false
GET	/places/details	apps/api/src/routes/places.ts:25	perm=property:read	portal=false
POST	/portal/access	apps/api/src/routes/portal.ts:83	perm=portal:manage	portal=false
POST	/portal/access/:id/revoke	apps/api/src/routes/portal.ts:176	perm=portal:manage	portal=true
POST	/portal/auth/consume	apps/api/src/routes/portal.ts:214	perm=-	portal=true
POST	/portal/auth/logout	apps/api/src/routes/portal.ts:278	perm=-	portal=true
GET	/portal/landlord/contracts	apps/api/src/routes/portal.ts:688	perm=-	portal=true
GET	/portal/landlord/inspections	apps/api/src/routes/portal.ts:712	perm=-	portal=true
GET	/portal/landlord/properties	apps/api/src/routes/portal.ts:547	perm=-	portal=true
GET	/portal/landlord/statement	apps/api/src/routes/portal.ts:575	perm=-	portal=true
GET	/portal/me	apps/api/src/routes/portal.ts:293	perm=-	portal=true
GET	/portal/tenant/charges	apps/api/src/routes/portal.ts:371	perm=-	portal=true
POST	/portal/tenant/charges/:id/payment	apps/api/src/routes/portal.ts:471	perm=-	portal=true
GET	/portal/tenant/contracts	apps/api/src/routes/portal.ts:401	perm=-	portal=true
GET	/portal/tenant/contracts/:id	apps/api/src/routes/portal.ts:422	perm=-	portal=true
GET	/portal/tenant/inspections	apps/api/src/routes/portal.ts:450	perm=-	portal=true
GET	/portal/tenant/statement	apps/api/src/routes/portal.ts:319	perm=-	portal=true
GET	/properties	apps/api/src/routes/properties.ts:243	perm=property:read	portal=false
POST	/properties	apps/api/src/routes/properties.ts:200	perm=property:write	portal=false
GET	/properties/:id	apps/api/src/routes/properties.ts:263	perm=property:read	portal=false
PATCH	/properties/:id	apps/api/src/routes/properties.ts:277	perm=property:write	portal=false
PUT	/properties/:id/address	apps/api/src/routes/properties.ts:327	perm=property:write	portal=false
POST	/properties/:id/features	apps/api/src/routes/properties.ts:579	perm=property:write	portal=false
DELETE	/properties/:id/features/:feature	apps/api/src/routes/properties.ts:629	perm=property:write	portal=false
PUT	/properties/:id/financial-terms	apps/api/src/routes/properties.ts:426	perm=property:write	portal=false
DELETE	/properties/:id/media/:mediaId	apps/api/src/routes/properties.ts:793	perm=property:write	portal=false
POST	/properties/:id/media/confirm	apps/api/src/routes/properties.ts:701	perm=property:write	portal=false
POST	/properties/:id/media/upload-url	apps/api/src/routes/properties.ts:668	perm=property:write	portal=false
POST	/properties/:id/owners	apps/api/src/routes/properties.ts:480	perm=property:write	portal=false
DELETE	/properties/:id/owners/:partyId	apps/api/src/routes/properties.ts:542	perm=property:write	portal=false
GET	/proposals	apps/api/src/routes/proposals.ts:73	perm=proposal:read	portal=false
POST	/proposals	apps/api/src/routes/proposals.ts:35	perm=proposal:write	portal=false
GET	/public/organizations/:orgSlug/listings	apps/api/src/routes/public.ts:94	perm=-	portal=false
GET	/public/organizations/:orgSlug/listings/:slug	apps/api/src/routes/public.ts:125	perm=-	portal=false
GET	/reconciliations	apps/api/src/routes/payments.ts:277	perm=finance:read	portal=false
POST	/reconciliations	apps/api/src/routes/payments.ts:251	perm=finance:write	portal=false
GET	/rental-applications	apps/api/src/routes/rental-applications.ts:158	perm=screening:read	portal=false
POST	/rental-applications	apps/api/src/routes/rental-applications.ts:129	perm=screening:write	portal=false
GET	/rental-applications/:id	apps/api/src/routes/rental-applications.ts:184	perm=screening:read	portal=false
POST	/rental-applications/:id/screening	apps/api/src/routes/rental-applications.ts:268	perm=screening:write	portal=false
PATCH	/rental-applications/:id/status	apps/api/src/routes/rental-applications.ts:194	perm=screening:write	portal=false
GET	/reporting/export/:kind	apps/api/src/routes/reporting.ts:333	perm=report:export	portal=false
GET	/reporting/leads-funnel	apps/api/src/routes/reporting.ts:209	perm=report:read	portal=false
GET	/reporting/meta-spend	apps/api/src/routes/reporting.ts:293	perm=report:read	portal=false
GET	/reporting/revenue-monthly	apps/api/src/routes/reporting.ts:242	perm=report:read	portal=false
GET	/tasks	apps/api/src/routes/tasks.ts:70	perm=task:read	portal=false
POST	/tasks	apps/api/src/routes/tasks.ts:39	perm=task:write	portal=false
PATCH	/tasks/:id/status	apps/api/src/routes/tasks.ts:90	perm=task:write	portal=false
GET	/timeline	apps/api/src/routes/timeline.ts:67	perm=timeline:read	portal=false
POST	/timeline	apps/api/src/routes/timeline.ts:32	perm=timeline:write	portal=false
GET	/visits	apps/api/src/routes/visits.ts:64	perm=visit:read	portal=false
POST	/visits	apps/api/src/routes/visits.ts:34	perm=visit:write	portal=false
GET	/webhooks/meta	apps/api/src/routes/webhooks.ts:328	perm=-	portal=false
POST	/webhooks/meta	apps/api/src/routes/webhooks.ts:345	perm=-	portal=false
POST	/webhooks/payments	apps/api/src/routes/webhooks.ts:276	perm=-	portal=false
POST	/webhooks/signature	apps/api/src/routes/webhooks.ts:213	perm=-	portal=false
GET	/webhooks/whatsapp	apps/api/src/routes/webhooks.ts:111	perm=-	portal=false
POST	/webhooks/whatsapp	apps/api/src/routes/webhooks.ts:138	perm=-	portal=false
GET	/whatsapp/connections	apps/api/src/routes/whatsapp-connections.ts:27	perm=org:manage	portal=false
POST	/whatsapp/connections	apps/api/src/routes/whatsapp-connections.ts:42	perm=org:manage	portal=false
